protein,family,is_distal,true_best_minhop,pred_minhop,pred_cell,auc_of_pred_cell,p5_of_pred_cell,true_best_cell,oracle_auc
ASB_11BG,Seminal ribonuclease,0,1,1,harm|comb|green_zero_0.05,0.333,0.0,binary|comb|residLOG,1.0
ASB_1A3W,Pyruvate kinase 1,1,4,4,hnew|full|green_lmax_0.05,0.143,0.0,hnew|full|R,0.886
ASB_1DKU,Ribose-phosphate pyrophosphokinase,0,2,2,hnew|full|green_lmax_0.05,0.846,0.2,binary|sym|R,1.0
ASB_1EM6,"Glycogen phosphorylase, liver form",1,4,4,hnew|full|green_lmax_0.05,0.941,0.2,binary|comb|R,1.0
ASB_1G3L,Glucose-1-phosphate thymidylyltransferase,0,3,2,exp|sym|green_lmax_0.05,0.429,0.2,harm|sym|residRAW_dX,1.0
ASB_1GZ3,"NAD-dependent malic enzyme, mitochondrial",1,3,4,gauss|adj|pavg_over_dX,0.421,0.2,hnew|full|QMI,0.989
ASB_1H5S,Glucose-1-phosphate thymidylyltransferase 1,0,2,2,exp|sym|green_lmax_0.05,0.475,0.2,hnew|full|green_zero_0.01,0.819
ASB_1LVW,Glucose-1-phosphate thymidylyltransferase,0,2,2,hnew|full|green_lmax_0.05,0.714,0.6,gauss|adj|pavg_over_dX,0.905
ASB_1M8P,Sulfate adenylyltransferase,1,3,4,gauss|sym|neg_dE,0.612,0.8,harm|comb|residLOG_dX,0.721
ASB_1MP3,Glucose-1-phosphate thymidylyltransferase,0,3,2,exp|sym|green_lmax_0.05,0.25,0.0,binary|comb|QMI,1.0
ASB_1OF6,"Phospho-2-dehydro-3-deoxyheptonate aldolase, tyrosine-inhibited",0,1,1,harm|adj|green_zero_0.05,0.767,0.0,binary|sym|R,1.0
ASB_1PFK,ATP-dependent 6-phosphofructokinase isozyme 1,1,3,2,hnew|full|green_lmax_0.05,0.114,0.0,hnew|full|green_zero_0.05,0.852
ASB_1T49,Tyrosine-protein phosphatase non-receptor type 1,1,3,2,hnew|full|green_lmax_0.05,0.938,0.8,exp|comb|green_zero_0.05,1.0
ASB_1UXV,NAD(P)-dependent glyceraldehyde-3-phosphate dehydrogenase,1,4,4,hnew|full|green_lmax_0.05,0.75,0.6,exp|adj|QMI,0.9
ASB_1W25,Response regulator PleD,1,4,4,hnew|full|green_lmax_0.05,0.556,0.0,harm|comb|QMI,1.0
ASB_1W96,Acetyl-CoA carboxylase,1,3,4,hnew|full|green_lmax_0.05,0.858,0.4,harm|sym|residLOG_dE,0.979
ASB_1Z8D_1,"Glycogen phosphorylase, muscle form",1,4,4,harm|comb|green_zero_0.05,0.375,0.0,binary|comb|green_zero_0.01,0.808
ASB_1Z8D_2,"Glycogen phosphorylase, muscle form",0,2,4,harm|comb|green_zero_0.05,0.943,0.4,exp|sym|neg_ED_final,0.983
ASB_1ZDS,Copper-containing nitrite reductase,0,1,3,hnew|full|green_lmax_0.05,0.961,0.2,binary|adj|green_zero_0.01,1.0
ASB_2BXA,Serum albumin,1,4,4,harm|sym|green_lmax_0.05,0.194,0.0,gauss|adj|neg_ED_final,0.972
ASB_2D60,Hemoglobin subunit beta,0,1,2,harm|comb|green_zero_0.05,0.706,0.0,binary|adj|neg_ED_final,1.0
ASB_2HVW,Putative deoxycytidylate deaminase,0,2,1,hnew|full|green_lmax_0.05,1.0,0.2,binary|adj|green_zero_0.05,1.0
ASB_2IEG,"Glycogen phosphorylase, muscle form",1,4,4,harm|comb|green_zero_0.05,0.938,0.4,binary|adj|neg_ED_final,1.0
ASB_2J0X,Lysine-sensitive aspartokinase 3,1,3,3,harm|adj|green_lmax_0.05,0.75,0.2,binary|adj|p_peak,1.0
ASB_2JHR,Myosin-2 heavy chain,0,4,4,harm|sym|green_lmax_0.05,0.8,0.4,binary|sym|residLOG_dX,1.0
ASB_2Q5O,Indole-3-pyruvate decarboxylase,0,3,3,gauss|sym|green_lmax_0.05,0.721,0.0,binary|sym|residLOG_dE,0.93
ASB_2QPY,Androgen receptor,1,3,3,gauss|comb|green_lmax_0.05,0.5,0.0,exp|comb|residLOG,1.0
ASB_2R1R,Ribonucleoside-diphosphate reductase 1 subunit alpha,1,3,4,binary|sym|green_lmax_0.05,0.571,0.2,exp|adj|green_zero_0.01,1.0
ASB_2VGI,Pyruvate kinase PKLR,1,4,4,hnew|full|green_lmax_0.05,0.818,0.8,harm|comb|neg_ED_final,0.945
ASB_2YHD,Androgen receptor,0,3,3,gauss|comb|green_lmax_0.05,0.857,0.2,binary|adj|R,1.0
ASB_2YLO,Androgen receptor,1,3,3,gauss|comb|green_lmax_0.05,0.689,0.6,hnew|full|green_zero_0.01,0.989
ASB_3CSM,Chorismate mutase,0,3,3,hnew|full|pavg_over_dE,0.5,0.0,gauss|adj|neg_dD_mean,1.0
ASB_3D2P,Amino-acid acetyltransferase,0,3,1,hnew|full|R,0.61,0.2,exp|comb|green_lmax_0.05,1.0
ASB_3E3N,"Glycogen phosphorylase, muscle form",1,4,4,harm|sym|green_lmax_0.05,0.263,0.0,harm|comb|p_avg,0.76
ASB_3ETE_2,"Glutamate dehydrogenase 1, mitochondrial",0,2,3,gauss|sym|green_lmax_0.05,0.931,0.2,binary|adj|QMI,1.0
ASB_3H6O,Pyruvate kinase PKM,1,4,3,exp|sym|p_avg,0.576,0.6,gauss|sym|QMI,0.879
ASB_3HO6,Toxin A,0,2,1,hnew|full|green_lmax_0.05,0.562,0.2,exp|adj|QMI,1.0
ASB_3HQP,Pyruvate kinase,1,4,3,gauss|adj|pavg_over_dX,0.503,0.6,hnew|full|neg_dD_mean,0.885
ASB_3KGF_1,Phospho-2-dehydro-3-deoxyheptonate aldolase AroG,0,1,4,harm|adj|green_lmax_0.05,0.657,0.0,binary|sym|residLOG_dX,0.935
ASB_3LSW,Glutamate receptor 3,0,1,2,hnew|full|green_lmax_0.05,0.9,0.4,exp|adj|neg_ED_final,0.978
ASB_3LSX,Glutamate receptor 3,1,1,2,hnew|full|green_lmax_0.05,0.444,0.0,hnew|full|R,1.0
ASB_3LU6,Serum albumin,1,3,4,harm|sym|green_lmax_0.05,0.835,0.2,gauss|comb|green_lmax_0.05,0.955
ASB_3M3F,Glutamate receptor 3,0,2,2,harm|sym|green_lmax_0.05,0.25,0.0,binary|comb|green_lmax_0.05,1.0
ASB_3MW9,"Glutamate dehydrogenase 1, mitochondrial",0,3,3,harm|sym|green_lmax_0.05,0.6,0.2,binary|adj|green_zero_0.01,1.0
ASB_3O2M,Mitogen-activated protein kinase 8,1,4,1,harm|sym|green_lmax_0.05,0.433,0.4,binary|comb|residRAW,1.0
ASB_3PTZ,UDP-glucose 6-dehydrogenase,0,3,1,hnew|full|green_lmax_0.05,0.778,0.4,exp|adj|R,1.0
ASB_3PYY,Tyrosine-protein kinase ABL1,0,2,2,harm|sym|green_lmax_0.05,0.099,0.0,exp|sym|R,1.0
ASB_3R1R,Ribonucleoside-diphosphate reductase 1 subunit alpha,1,4,4,binary|sym|green_lmax_0.05,0.25,0.0,harm|adj|QMI,0.812
ASB_3UO9,"Glutaminase kidney isoform, mitochondrial",0,2,3,gauss|sym|green_lmax_0.05,0.748,0.4,harm|sym|neg_ED_final,0.956
ASB_3ZCW,Kinesin-like protein KIF11,0,3,2,hnew|full|green_lmax_0.05,1.0,0.6,binary|adj|neg_ED_final,1.0
ASB_4B1F,Glutamate racemase,0,2,2,hnew|full|green_lmax_0.05,0.875,0.2,exp|adj|green_zero_0.01,1.0
ASB_4BBG,Kinesin-like protein KIF11,0,2,2,hnew|full|green_lmax_0.05,0.641,0.0,harm|adj|neg_dD_mean,0.883
ASB_4E6C,Mitogen-activated protein kinase 14,1,4,3,harm|adj|green_lmax_0.05,0.143,0.0,gauss|adj|R,1.0
ASB_4G1N,Pyruvate kinase PKM,1,4,4,exp|sym|p_avg,0.574,0.0,binary|sym|neg_dD_mean,0.981
ASB_4GRS,2-dehydro-3-deoxyphosphoheptonate aldolase,1,1,3,harm|comb|green_lmax_0.05,0.026,0.0,gauss|comb|R,1.0
ASB_4HO6,Glucose-1-phosphate thymidylyltransferase,0,2,2,exp|sym|green_lmax_0.05,0.333,0.4,binary|comb|green_lmax_0.05,0.861
ASB_4HYW,Pyruvate kinase 1,1,4,4,hnew|full|green_lmax_0.05,0.033,0.0,binary|adj|QMI,0.908
ASB_4KZT,N-acetylglutamate kinase / N-acetylglutamate synthase,0,1,3,harm|sym|green_lmax_0.05,0.818,0.0,harm|adj|green_zero_0.01,0.982
ASB_4MRA,"Glycogen phosphorylase, muscle form",1,1,4,harm|sym|green_lmax_0.05,0.531,0.0,hnew|full|p_avg,1.0
ASB_4PFK,ATP-dependent 6-phosphofructokinase,1,4,3,exp|comb|green_lmax_0.05,0.432,0.2,binary|adj|QMI,0.909
CAS_11BG,CAS0051,0,1,1,harm|comb|green_zero_0.05,0.333,0.0,binary|adj|green_zero_0.01,1.0
CAS_1BOZ,CAS0060,0,1,2,hnew|full|green_zero_0.05,0.5,0.0,binary|sym|neg_ED_final,0.828
CAS_1BSR,CAS0051,0,1,1,harm|comb|green_zero_0.05,0.58,0.4,hnew|full|green_zero_0.01,0.96
CAS_1BZC,CAS0079,0,1,2,gauss|sym|green_lmax_0.05,0.171,0.0,binary|adj|green_zero_0.05,1.0
CAS_1BZJ,CAS0079,0,1,2,gauss|sym|green_lmax_0.05,0.427,0.0,exp|adj|neg_dD_mean,0.992
CAS_1C84,CAS0079,0,3,2,gauss|sym|green_lmax_0.05,0.357,0.2,binary|sym|p_peak,1.0
CAS_1C85,CAS0079,0,2,2,gauss|sym|green_lmax_0.05,0.556,0.2,harm|adj|green_zero_0.01,0.88
CAS_1C86,CAS0079,0,3,2,gauss|sym|green_lmax_0.05,0.4,0.0,hnew|full|residLOG_dX,0.967
CAS_1C87,CAS0079,0,3,2,gauss|sym|green_lmax_0.05,0.5,0.4,binary|sym|neg_dD_mean,1.0
CAS_1C88,CAS0079,0,3,2,gauss|sym|green_lmax_0.05,0.426,0.2,exp|comb|neg_ED_final,0.944
CAS_1DGK,CAS0027,1,1,4,gauss|sym|neg_dE,0.494,0.0,harm|adj|residRAW_dX,0.866
CAS_1DLS,CAS0060,0,1,2,gauss|comb|green_lmax_0.05,0.716,0.0,gauss|sym|neg_ED_final,0.961
CAS_1DRE,CAS0061,0,1,1,harm|comb|green_zero_0.05,0.75,0.8,harm|adj|QMI,1.0
CAS_1DRF,CAS0060,0,1,1,gauss|comb|green_lmax_0.05,0.628,0.6,hnew|full|neg_ED_final,0.939
CAS_1ECV,CAS0079,0,3,2,gauss|sym|green_lmax_0.05,0.48,0.2,exp|sym|neg_ED_final,0.98
CAS_1FIN,CAS0091,0,2,4,exp|sym|green_lmax_0.05,0.909,0.2,binary|adj|neg_dD_mean,1.0
CAS_1G1G,CAS0079,0,3,2,hnew|full|green_lmax_0.05,0.111,0.0,exp|adj|R,1.0
CAS_1G7G,CAS0079,0,2,2,gauss|sym|green_lmax_0.05,0.107,0.0,harm|comb|pavg_over_dE,1.0
CAS_1GOS,CAS0086,0,3,3,harm|comb|green_zero_0.05,0.604,0.0,exp|adj|QMI,0.833
CAS_1HFQ,CAS0060,0,1,2,hnew|full|green_zero_0.05,0.625,0.0,hnew|full|QMI,0.953
CAS_1I00,CAS0080,0,1,2,hnew|full|green_lmax_0.05,0.324,0.0,binary|adj|neg_dD_mean,1.0
CAS_1I2D,CAS0010,1,4,4,gauss|sym|neg_dE,0.44,0.4,harm|adj|R,1.0
CAS_1I4O,CAS0071,0,3,1,hnew|full|green_lmax_0.05,0.367,0.4,binary|adj|neg_dE,1.0
CAS_1ICE,CAS0070,0,2,1,hnew|full|green_zero_0.05,0.05,0.0,gauss|sym|neg_ED_final,0.95
CAS_1JUJ,CAS0080,0,1,2,exp|sym|green_lmax_0.05,0.926,0.2,binary|comb|green_zero_0.01,1.0
CAS_1KAK,CAS0079,0,3,2,hnew|full|green_lmax_0.05,0.475,0.2,binary|comb|R,0.85
CAS_1LDN,CAS0029,0,2,1,hnew|full|green_lmax_0.05,0.955,0.8,hnew|full|green_lmax_0.05,0.955
CAS_1LLD,CAS0028,0,2,3,exp|sym|pavg_over_dE,0.705,0.4,hnew|full|neg_ED_final,0.962
CAS_1LTH,CAS0028,0,3,3,exp|sym|pavg_over_dE,0.286,0.0,binary|adj|green_zero_0.01,1.0
CAS_1MVS,CAS0060,0,1,1,harm|sym|neg_dD_mean,0.797,0.2,binary|adj|green_lmax_0.05,1.0
CAS_1NXG,CAS0001,1,3,1,binary|sym|pavg_over_dE,0.885,0.4,binary|comb|p_avg,1.0
CAS_1OHJ,CAS0060,0,1,2,gauss|comb|green_lmax_0.05,0.696,0.2,harm|adj|green_zero_0.01,0.884
CAS_1OJ9,CAS0086,0,3,3,harm|comb|green_zero_0.05,0.467,0.0,exp|adj|green_zero_0.01,1.0
CAS_1OJA,CAS0086,0,3,3,harm|comb|green_zero_0.05,0.524,0.0,binary|adj|p_avg,0.94
CAS_1OJC,CAS0086,0,3,3,harm|comb|green_zero_0.05,0.697,0.2,gauss|adj|p_peak,0.939
CAS_1OWC,CAS0001,1,3,1,gauss|comb|green_lmax_0.05,1.0,0.2,binary|adj|green_lmax_0.05,1.0
CAS_1PTV,CAS0079,0,3,2,gauss|sym|green_lmax_0.05,0.288,0.0,harm|adj|residLOG_dX,0.923
CAS_1RA2,CAS0061,0,2,1,harm|adj|green_zero_0.01,0.828,0.8,hnew|full|green_zero_0.01,1.0
CAS_1RA3,CAS0061,0,1,1,harm|adj|green_zero_0.01,0.64,0.6,hnew|full|green_zero_0.05,0.933
CAS_1RA8,CAS0061,0,2,1,harm|adj|green_zero_0.01,0.0,0.8,binary|comb|R,1.0
CAS_1RB2,CAS0061,0,2,1,harm|comb|green_zero_0.05,0.444,0.2,binary|comb|green_zero_0.01,1.0
CAS_1RB3,CAS0061,0,2,1,harm|adj|green_zero_0.01,0.425,0.4,hnew|full|green_zero_0.05,0.862
CAS_1RC4,CAS0061,0,2,1,harm|adj|green_zero_0.01,0.75,1.0,binary|adj|QMI,1.0
CAS_1RD7,CAS0061,0,1,1,harm|adj|green_zero_0.01,0.244,0.4,exp|sym|neg_dD_mean,1.0
CAS_1RE7,CAS0061,0,2,1,harm|adj|green_zero_0.01,0.0,0.6,binary|comb|neg_dD_mean,1.0
CAS_1RG7,CAS0061,0,1,1,hnew|full|green_lmax_0.05,0.588,0.2,exp|sym|residLOG_dE,1.0
CAS_1RH3,CAS0061,0,2,1,harm|comb|green_zero_0.05,0.275,0.4,harm|adj|p_peak,0.925
CAS_1RWM,CAS0070,0,1,1,hnew|full|green_zero_0.05,0.321,0.0,harm|adj|R,0.893
CAS_1RWN,CAS0070,0,1,1,hnew|full|green_zero_0.05,0.071,0.0,binary|adj|QMI,1.0
CAS_1RWO,CAS0070,0,1,1,hnew|full|green_zero_0.05,0.062,0.0,exp|adj|pavg_over_dE,1.0
CAS_1RX4,CAS0061,0,1,1,harm|adj|green_zero_0.01,0.658,0.8,exp|sym|p_avg,0.983
CAS_1RX5,CAS0061,0,1,1,harm|adj|green_zero_0.01,0.444,0.4,harm|adj|neg_dD_mean,0.868
CAS_1RX6,CAS0061,0,2,1,harm|adj|green_zero_0.01,0.417,0.6,binary|adj|green_lmax_0.05,1.0
CAS_1RX7,CAS0061,0,2,1,harm|adj|green_zero_0.05,0.417,0.4,binary|adj|green_lmax_0.05,1.0
CAS_1S2Q,CAS0086,0,3,3,hnew|full|green_lmax_0.05,0.733,0.2,exp|adj|QMI,1.0
CAS_1S2Y,CAS0086,0,3,3,harm|comb|green_zero_0.05,0.286,0.0,exp|adj|neg_dD_mean,1.0
CAS_1S3B,CAS0086,0,3,3,harm|comb|green_zero_0.05,0.455,0.0,binary|comb|neg_dD_mean,1.0
CAS_1S3E,CAS0086,0,3,3,harm|comb|green_zero_0.05,0.333,0.0,binary|adj|p_peak,1.0
CAS_1S3V,CAS0060,0,1,2,gauss|comb|green_lmax_0.05,0.966,0.2,binary|comb|neg_dD_mean,1.0
CAS_1TQ9,CAS0051,0,2,1,binary|sym|green_lmax_0.05,0.583,0.4,binary|adj|green_lmax_0.05,1.0
CAS_1U71,CAS0060,0,1,2,gauss|comb|green_lmax_0.05,0.406,0.0,exp|sym|QMI,0.938
CAS_1XTU,CAS0050,0,2,3,hnew|full|green_lmax_0.05,0.8,0.8,binary|sym|green_zero_0.05,1.0
CAS_1XTV,CAS0050,0,2,3,hnew|full|green_lmax_0.05,0.609,0.4,binary|sym|pavg_over_dE,1.0
CAS_2AZR,CAS0079,0,3,2,gauss|sym|green_lmax_0.05,0.312,0.0,binary|sym|R,1.0
CAS_2B07,CAS0079,0,3,2,gauss|sym|green_lmax_0.05,0.525,0.4,exp|sym|neg_ED_final,0.975
CAS_2BK3,CAS0086,0,3,3,harm|comb|green_zero_0.05,0.696,0.2,exp|adj|pavg_over_dX,1.0
CAS_2BK4,CAS0086,0,3,3,harm|comb|green_zero_0.05,0.529,0.0,binary|adj|p_peak,0.885
CAS_2BK5,CAS0086,0,3,3,harm|comb|green_zero_0.05,0.556,0.0,gauss|adj|QMI,0.956
CAS_2BYB,CAS0086,0,3,3,harm|comb|green_zero_0.05,0.632,0.0,binary|adj|green_zero_0.01,0.947
CAS_2C2S,CAS0060,0,1,2,hnew|full|green_zero_0.05,0.354,0.0,harm|sym|neg_ED_final,0.875
CAS_2C2T,CAS0060,0,1,2,gauss|comb|green_lmax_0.05,0.702,0.2,binary|sym|neg_dD_mean,0.881
CAS_2C64,CAS0086,0,3,3,harm|comb|green_zero_0.05,0.646,0.0,binary|sym|QMI,0.958
CAS_2C65,CAS0086,0,2,3,harm|comb|green_zero_0.05,0.586,0.0,exp|comb|R,0.966
CAS_2C66,CAS0086,0,1,3,harm|comb|green_zero_0.05,0.175,0.0,exp|comb|R,1.0
CAS_2C67,CAS0086,0,3,3,harm|comb|green_zero_0.05,0.667,0.2,exp|sym|green_lmax_0.05,0.974
CAS_2C70,CAS0086,0,3,3,harm|comb|green_zero_0.05,0.647,0.2,binary|adj|QMI,0.922
CAS_2C72,CAS0086,0,3,3,harm|comb|green_zero_0.05,0.421,0.0,exp|adj|neg_ED_final,1.0
CAS_2C73,CAS0086,0,3,3,hnew|full|green_lmax_0.05,0.722,0.2,gauss|adj|green_zero_0.05,0.917
CAS_2C75,CAS0086,0,3,3,harm|comb|green_zero_0.05,0.312,0.0,binary|comb|neg_dD_mean,1.0
CAS_2C76,CAS0086,0,3,3,harm|comb|green_zero_0.05,0.667,0.2,gauss|adj|p_peak,0.877
CAS_2EWN,CAS0011,0,1,1,hnew|full|green_lmax_0.05,0.703,0.2,exp|adj|neg_ED_final,0.953
CAS_2H4W,CAS0070,0,1,1,hnew|full|green_zero_0.05,0.071,0.0,exp|adj|pavg_over_dE,1.0
CAS_2H4Y,CAS0070,0,1,1,hnew|full|green_zero_0.05,0.214,0.0,exp|adj|pavg_over_dE,1.0
CAS_2H51,CAS0070,0,1,1,hnew|full|green_zero_0.05,0.706,0.0,binary|sym|QMI,1.0
CAS_2H54,CAS0070,0,1,1,hnew|full|green_zero_0.05,0.182,0.0,binary|comb|pavg_over_dX,1.0
CAS_2HB1,CAS0079,0,3,2,gauss|sym|green_lmax_0.05,0.278,0.0,exp|adj|residLOG_dX,1.0
CAS_2HBQ,CAS0070,0,1,1,hnew|full|green_zero_0.05,0.071,0.0,harm|adj|pavg_over_dE,1.0
CAS_2HBR,CAS0070,0,1,1,hnew|full|green_zero_0.05,0.182,0.0,binary|adj|QMI,1.0
CAS_2HBY,CAS0070,0,2,1,hnew|full|green_zero_0.05,0.143,0.0,exp|adj|pavg_over_dE,1.0
CAS_2HBZ,CAS0070,0,1,1,hnew|full|green_zero_0.05,0.571,0.2,binary|adj|QMI,1.0
CAS_2HIM,CAS0030,0,1,1,hnew|full|green_lmax_0.05,0.975,0.2,exp|adj|QMI,1.0
CAS_2JFY,CAS0054,0,1,1,hnew|full|green_lmax_0.05,0.533,0.0,exp|sym|neg_dD_mean,1.0
CAS_2NTA,CAS0079,0,3,2,gauss|sym|green_lmax_0.05,0.714,0.2,binary|adj|green_zero_0.05,1.0
CAS_2P2D,CAS0030,0,2,1,hnew|full|green_lmax_0.05,0.82,0.2,hnew|full|neg_ED_final,0.953
CAS_2PSQ,CAS0067,0,4,2,harm|comb|green_zero_0.05,0.438,0.6,binary|adj|neg_ED_final,1.0
CAS_2QBQ,CAS0079,0,3,2,gauss|sym|green_lmax_0.05,0.727,0.2,binary|adj|green_zero_0.01,1.0
CAS_2V5Z,CAS0086,0,3,3,hnew|full|green_lmax_0.05,0.583,0.2,binary|sym|green_lmax_0.05,0.812
CAS_2V60,CAS0086,0,3,3,harm|comb|green_zero_0.05,0.417,0.0,exp|adj|green_zero_0.01,1.0
CAS_2V61,CAS0086,0,3,3,harm|comb|green_zero_0.05,0.595,0.2,gauss|adj|QMI,0.881
CAS_2VRL,CAS0086,0,3,3,hnew|full|green_lmax_0.05,0.722,0.0,binary|adj|green_zero_0.01,1.0
CAS_2VRM,CAS0086,0,3,3,harm|comb|green_zero_0.05,0.644,0.2,gauss|adj|QMI,0.956
CAS_2VZ2,CAS0086,0,2,3,harm|comb|green_zero_0.05,0.247,0.0,binary|sym|neg_dE,0.853
CAS_2W3A,CAS0060,0,1,2,hnew|full|green_zero_0.05,0.713,0.2,exp|sym|QMI,0.917
CAS_2W3M,CAS0060,0,1,2,hnew|full|green_zero_0.05,0.646,0.2,exp|sym|p_avg,0.906
CAS_2XCG,CAS0086,0,3,3,harm|comb|green_zero_0.05,0.778,0.4,gauss|sym|green_lmax_0.05,0.889
CAS_2XFN,CAS0086,0,3,3,harm|comb|green_zero_0.05,0.625,0.2,gauss|adj|p_peak,0.958
CAS_2XFO,CAS0086,0,3,3,harm|comb|green_zero_0.05,0.636,0.2,binary|adj|p_avg,1.0
CAS_2XFP,CAS0086,0,3,3,harm|comb|green_zero_0.05,0.705,0.4,binary|adj|pavg_over_dX,0.932
CAS_2XFQ,CAS0086,0,3,3,harm|comb|green_zero_0.05,0.615,0.2,binary|sym|green_lmax_0.05,0.885
CAS_2XFU,CAS0086,0,3,3,harm|comb|green_zero_0.05,0.529,0.0,exp|adj|pavg_over_dE,0.882
CAS_2YM4,CAS0015,0,2,2,exp|sym|green_lmax_0.05,0.812,0.6,binary|comb|green_lmax_0.05,1.0
CAS_2YM8,CAS0015,0,2,2,exp|sym|green_lmax_0.05,0.622,0.0,binary|adj|green_lmax_0.05,1.0
CAS_2Z60,CAS0052,0,3,2,harm|comb|green_zero_0.05,0.771,0.8,gauss|adj|green_zero_0.01,0.938
CAS_2ZN7,CAS0079,0,1,2,gauss|sym|green_lmax_0.05,0.341,0.0,harm|comb|residRAW_dX,0.852
CAS_3CSM,CAS0016,0,3,3,gauss|comb|green_lmax_0.05,0.857,0.2,exp|comb|neg_ED_final,1.0
CAS_3D6F,CAS0070,0,1,1,hnew|full|green_zero_0.05,0.077,0.0,exp|adj|pavg_over_dE,1.0
CAS_3D6H,CAS0070,0,1,1,hnew|full|green_zero_0.05,0.111,0.0,binary|comb|green_lmax_0.05,1.0
CAS_3D6M,CAS0070,0,1,1,hnew|full|green_zero_0.05,0.071,0.0,exp|sym|residLOG_dE,1.0
CAS_3DJO,CAS0051,0,1,1,binary|sym|green_lmax_0.05,1.0,0.2,binary|adj|neg_dE,1.0
CAS_3DJQ,CAS0051,0,1,1,binary|sym|green_lmax_0.05,0.278,0.2,binary|adj|green_zero_0.01,0.833
CAS_3DJV,CAS0051,0,1,1,binary|sym|green_lmax_0.05,0.403,0.4,binary|adj|residLOG_dX,0.75
CAS_3DJX,CAS0051,0,2,1,harm|comb|green_zero_0.05,0.667,0.4,binary|adj|green_lmax_0.05,1.0
CAS_3F8Y,CAS0060,0,1,2,gauss|comb|green_lmax_0.05,0.735,0.0,harm|adj|neg_dD_mean,0.941
CAS_3F8Z,CAS0060,0,1,2,gauss|comb|green_lmax_0.05,0.694,0.0,binary|sym|pavg_over_dE,0.944
CAS_3FS6,CAS0060,0,1,2,gauss|comb|green_lmax_0.05,0.758,0.2,binary|sym|neg_dE,0.939
CAS_3GHC,CAS0060,0,1,2,gauss|comb|green_lmax_0.05,0.614,0.2,hnew|full|neg_ED_final,0.795
CAS_3GHW,CAS0060,0,1,2,gauss|comb|green_lmax_0.05,0.475,0.0,harm|adj|green_zero_0.01,0.967
CAS_3GYF,CAS0060,0,1,1,gauss|comb|green_lmax_0.05,0.481,0.0,binary|comb|residLOG_dE,1.0
CAS_3HMI,CAS0056,0,2,3,gauss|comb|green_lmax_0.05,0.389,0.0,exp|sym|neg_dD_mean,0.819
CAS_3I1Y,CAS0002,1,4,4,gauss|sym|pavg_over_dX,0.763,0.6,binary|sym|neg_dE,0.937
CAS_3I28,CAS0002,1,4,4,gauss|sym|pavg_over_dX,0.377,0.4,gauss|sym|neg_dE,0.877
CAS_3ION,CAS0003,0,1,2,hnew|full|green_lmax_0.05,0.5,0.0,binary|sym|R,0.87
CAS_3IOP,CAS0003,0,1,1,hnew|full|green_lmax_0.05,0.528,0.0,exp|adj|neg_ED_final,0.898
CAS_3KOO,CAS0002,1,4,4,gauss|sym|pavg_over_dX,0.488,0.4,gauss|sym|neg_dE,0.868
CAS_3L9H,CAS0021,0,2,2,hnew|full|green_lmax_0.05,0.816,0.6,harm|adj|neg_dD_mean,0.908
CAS_3NTZ,CAS0060,0,1,1,gauss|comb|green_lmax_0.05,0.718,0.2,exp|adj|R,0.91
CAS_3NU0,CAS0060,0,1,2,gauss|comb|green_lmax_0.05,0.667,0.2,gauss|sym|neg_ED_final,0.986
CAS_3NXR,CAS0060,0,1,2,gauss|comb|green_lmax_0.05,0.758,0.0,binary|sym|neg_dE,0.97
CAS_3NXT,CAS0060,0,1,2,gauss|comb|green_lmax_0.05,0.529,0.2,gauss|sym|QMI,0.824
CAS_3NXX,CAS0060,0,1,2,gauss|comb|green_lmax_0.05,0.656,0.0,harm|adj|green_zero_0.05,0.938
CAS_3NZD,CAS0060,0,1,2,gauss|comb|green_lmax_0.05,0.691,0.0,harm|adj|R,0.897
CAS_3OTQ,CAS0002,1,1,4,gauss|sym|pavg_over_dX,0.317,0.0,gauss|sym|neg_dE,0.943
CAS_3PO7,CAS0086,0,2,3,harm|comb|green_zero_0.05,0.205,0.0,harm|comb|R,1.0
CAS_3RI1,CAS0067,0,4,2,harm|comb|green_zero_0.05,0.9,0.6,harm|adj|neg_dD_mean,1.0
CAS_3RWP,CAS0003,0,1,2,harm|comb|green_lmax_0.05,0.535,0.2,binary|adj|green_zero_0.01,0.8
CAS_3S7A,CAS0060,0,2,2,gauss|comb|green_lmax_0.05,0.88,0.6,hnew|full|green_zero_0.01,1.0
CAS_3ZYX,CAS0086,0,2,3,harm|comb|green_zero_0.05,0.583,0.0,binary|sym|neg_dE,0.972
CAS_4A79,CAS0086,0,3,3,harm|comb|green_zero_0.05,0.571,0.0,exp|adj|green_zero_0.01,1.0
CAS_4A7A,CAS0086,0,3,3,hnew|full|green_lmax_0.05,0.833,0.2,binary|adj|QMI,1.0
CAS_4B1F,CAS0054,0,2,2,hnew|full|green_lmax_0.05,0.833,0.4,exp|adj|green_zero_0.01,1.0
CAS_4CRT,CAS0086,0,2,3,harm|comb|green_zero_0.05,0.4,0.0,gauss|adj|neg_dD_mean,0.85
CAS_4CSM,CAS0016,0,3,2,hnew|full|pavg_over_dE,0.844,0.2,binary|comb|R,0.969
CAS_4EJ1,CAS0061,0,2,1,harm|adj|green_zero_0.01,0.5,0.6,exp|sym|QMI,1.0
CAS_4EY5,CAS0004,0,1,3,gauss|sym|green_lmax_0.05,0.951,0.2,binary|comb|green_zero_0.01,1.0
CAS_4EZ7,CAS0091,0,1,2,harm|sym|green_lmax_0.05,0.495,0.2,exp|comb|R,0.79
CAS_4FHB,CAS0061,0,2,1,harm|adj|green_zero_0.01,0.54,0.6,hnew|full|green_zero_0.01,0.905
CAS_4FST,CAS0015,0,1,2,exp|sym|green_lmax_0.05,0.816,0.6,exp|adj|green_lmax_0.05,1.0
CAS_4FSY,CAS0015,0,1,1,harm|comb|green_zero_0.05,0.901,0.6,exp|comb|green_zero_0.01,0.971
CAS_4FT7,CAS0015,0,1,1,harm|comb|green_zero_0.05,0.946,0.6,exp|adj|green_lmax_0.05,0.994
CAS_4FTA,CAS0015,0,1,1,harm|comb|green_zero_0.05,0.92,0.6,exp|adj|green_lmax_0.05,0.992
CAS_4FTN,CAS0015,0,1,2,hnew|full|green_lmax_0.05,0.995,1.0,harm|comb|green_zero_0.05,1.0
CAS_4FTO,CAS0015,0,2,2,hnew|full|green_lmax_0.05,0.874,0.4,binary|adj|green_lmax_0.05,1.0
CAS_4FTR,CAS0015,0,1,2,exp|sym|green_lmax_0.05,0.825,0.6,exp|adj|green_lmax_0.05,0.993
CAS_4I13,CAS0061,0,1,1,harm|adj|green_zero_0.01,0.101,0.2,binary|comb|R,0.792
CAS_4I1N,CAS0061,0,2,1,harm|adj|green_zero_0.01,0.5,0.2,binary|adj|green_zero_0.01,1.0
CAS_4I8N,CAS0079,0,3,2,harm|sym|green_lmax_0.05,0.0,0.0,gauss|adj|pavg_over_dX,1.0
CAS_4JAE,CAS0001,1,3,1,exp|adj|R,0.55,0.0,binary|adj|neg_ED_final,0.878
CAS_4JAF,CAS0001,1,3,1,binary|sym|R,0.473,0.0,exp|comb|QMI,0.941
CAS_4KD7,CAS0060,0,2,2,gauss|comb|green_lmax_0.05,0.375,0.0,binary|adj|neg_dE,1.0
CAS_4KEB,CAS0060,0,1,1,hnew|full|neg_dD_mean,0.486,0.0,binary|sym|neg_dE,0.875
CAS_4KJJ,CAS0061,0,1,1,harm|adj|p_avg,0.583,0.8,binary|adj|green_lmax_0.05,1.0
CAS_4M6K,CAS0060,0,1,2,gauss|comb|green_lmax_0.05,0.298,0.0,binary|adj|green_zero_0.05,0.895
CAS_4M6L,CAS0060,0,1,2,gauss|comb|green_lmax_0.05,0.083,0.0,gauss|comb|p_avg,1.0
CAS_4P3R,CAS0061,0,2,1,harm|adj|green_zero_0.01,0.2,0.0,binary|adj|QMI,1.0
CAS_4QLE,CAS0061,0,2,1,harm|adj|green_zero_0.01,0.5,0.8,binary|adj|green_lmax_0.05,1.0
CAS_4QLG,CAS0061,0,2,1,harm|adj|green_zero_0.01,0.667,0.8,hnew|full|green_zero_0.01,1.0
CAS_4R1R,CAS0047,0,4,4,harm|comb|green_zero_0.05,0.0,0.0,binary|adj|green_zero_0.01,1.0
CAS_4RQK,CAS0003,0,2,2,hnew|full|green_lmax_0.05,0.571,0.4,binary|adj|neg_dD_mean,1.0
CAS_4RQV,CAS0003,0,1,2,hnew|full|green_lmax_0.05,0.481,0.2,gauss|adj|green_zero_0.01,0.741
CAS_4RRV,CAS0003,0,2,2,hnew|full|green_lmax_0.05,0.941,0.2,binary|adj|p_avg,1.0
CAS_4X5F,CAS0061,0,2,1,harm|adj|green_zero_0.01,0.636,0.6,hnew|full|green_zero_0.05,0.977
CAS_4X5G,CAS0061,0,2,1,harm|adj|green_zero_0.01,0.611,1.0,binary|comb|p_avg,1.0
CAS_4X5H,CAS0061,0,2,1,harm|adj|green_zero_0.01,0.0,0.8,binary|adj|green_lmax_0.05,1.0
CAS_4X5I,CAS0061,0,1,1,harm|adj|green_zero_0.05,0.6,0.6,gauss|comb|neg_ED_final,0.831
CAS_4X5J,CAS0061,0,1,1,harm|adj|green_zero_0.05,0.371,0.2,binary|adj|neg_dE,0.886
CAS_4XX9,CAS0003,0,2,2,harm|comb|green_lmax_0.05,0.7,0.2,binary|sym|green_lmax_0.05,1.0
CAS_4ZHI,CAS0021,0,2,3,hnew|full|green_lmax_0.05,0.66,0.0,binary|comb|neg_dE,0.855
CAS_5AHX,CAS0002,1,4,4,gauss|sym|pavg_over_dX,0.587,0.4,gauss|sym|neg_dE,0.909
CAS_5AK5,CAS0002,1,4,4,gauss|sym|pavg_over_dX,0.432,0.0,gauss|sym|neg_dE,0.907
CAS_5AKE,CAS0002,1,3,4,gauss|sym|pavg_over_dX,0.173,0.2,binary|comb|residRAW_dX,0.88
CAS_5AKH,CAS0002,1,1,4,gauss|sym|pavg_over_dX,0.447,0.2,binary|sym|neg_dE,0.943
CAS_5AKX,CAS0002,1,1,4,gauss|sym|pavg_over_dX,0.556,0.2,gauss|sym|neg_dE,0.873
CAS_5AKY,CAS0002,1,4,4,gauss|sym|pavg_over_dX,0.648,0.6,gauss|sym|neg_dE,0.945
CAS_5ALD,CAS0002,1,1,4,gauss|sym|pavg_over_dX,0.52,0.2,binary|sym|neg_dE,0.908
CAS_5ALH,CAS0002,1,1,4,gauss|sym|pavg_over_dX,0.655,0.4,gauss|sym|neg_dE,0.979
CAS_5ALM,CAS0002,1,3,4,harm|sym|pavg_over_dX,0.091,0.0,binary|sym|neg_dE,0.982
CAS_5ALN,CAS0002,1,4,4,gauss|sym|p_avg,0.545,0.2,gauss|sym|neg_dE,0.901
CAS_5ALO,CAS0002,1,3,4,gauss|sym|pavg_over_dX,0.577,0.8,harm|adj|neg_dD_mean,0.886
CAS_5ALU,CAS0002,1,4,4,gauss|sym|pavg_over_dX,0.807,0.8,gauss|sym|neg_dE,0.94
CAS_5ALV,CAS0002,1,1,3,binary|sym|neg_dE,0.929,1.0,binary|sym|neg_dE,0.929
CAS_5ALW,CAS0002,1,4,4,gauss|sym|pavg_over_dX,0.405,0.4,harm|adj|residRAW_dX,0.933
CAS_5ALY,CAS0002,1,4,4,gauss|sym|p_avg,0.53,0.4,gauss|sym|neg_dE,0.894
CAS_5AM0,CAS0002,1,4,4,gauss|sym|pavg_over_dX,0.731,0.2,binary|sym|residLOG_dE,0.987
CAS_5AM4,CAS0002,1,4,4,gauss|sym|p_avg,0.508,0.4,gauss|sym|neg_dE,0.913
CAS_5AM5,CAS0002,1,4,4,gauss|sym|pavg_over_dX,0.636,0.2,gauss|sym|neg_dE,0.886
CAS_5CC9,CAS0061,0,2,1,harm|adj|green_zero_0.01,0.714,1.0,binary|adj|green_lmax_0.05,1.0
CAS_5CCC,CAS0061,0,2,1,harm|adj|green_zero_0.01,0.786,1.0,binary|adj|green_lmax_0.05,1.0
CAS_5HF6,CAS0004,0,1,3,gauss|sym|green_lmax_0.05,0.961,0.6,binary|comb|green_zero_0.01,0.991
CAS_5HF9,CAS0004,0,1,3,gauss|sym|green_lmax_0.05,0.951,0.2,binary|comb|residRAW,1.0
CAS_5HQY,CAS0060,0,1,2,gauss|comb|green_lmax_0.05,0.676,0.0,gauss|sym|neg_ED_final,0.956
CAS_5HS3,CAS0080,0,2,2,hnew|full|green_lmax_0.05,0.571,0.4,binary|adj|pavg_over_dE,1.0
CAS_5HSU,CAS0060,0,1,2,gauss|comb|green_lmax_0.05,0.7,0.2,binary|sym|neg_dE,0.98
CAS_5HT5,CAS0060,0,1,2,gauss|comb|green_lmax_0.05,0.781,0.2,harm|adj|QMI,0.969
CAS_5MRL,CAS0086,0,1,3,harm|comb|green_zero_0.05,0.222,0.0,harm|comb|R,0.889
CAS_5X67,CAS0080,0,2,2,hnew|full|green_lmax_0.05,0.907,0.2,binary|comb|green_zero_0.01,1.0
CAS_7DFR,CAS0061,0,2,1,harm|comb|green_zero_0.05,0.0,0.6,binary|comb|p_avg,1.0
CB_1A4U,P10807,0,2,2,harm|sym|green_lmax_0.05,0.923,0.4,exp|adj|neg_dD_mean,1.0
CB_1AK1,P32396,0,1,3,exp|sym|green_lmax_0.05,0.346,0.0,exp|adj|R,1.0
CB_1BHS,P14061,0,2,2,hnew|full|green_lmax_0.05,0.86,0.2,exp|adj|green_zero_0.01,0.96
CB_1BZJ,P18031,1,3,3,harm|sym|neg_dE,0.9,0.2,binary|adj|neg_ED_final,1.0
CB_1CUZ,P00590,1,3,1,binary|sym|green_lmax_0.05,0.462,0.0,binary|comb|green_lmax_0.05,1.0
CB_1DPJ,P07267,0,3,1,hnew|full|green_lmax_0.05,0.5,0.2,harm|adj|neg_dE,1.0
CB_1E6K,P0AE67,0,2,1,binary|adj|neg_ED_final,0.688,0.0,exp|sym|green_lmax_0.05,1.0
CB_1EFH,Q06520,0,2,3,harm|sym|p_peak,0.262,0.0,harm|sym|neg_dD_mean,0.917
CB_1EVY,P90551,0,1,3,harm|comb|green_lmax_0.05,0.833,0.0,harm|adj|p_avg,1.0
CB_1FVR,Q02763,0,1,2,harm|comb|green_zero_0.05,0.455,0.0,binary|adj|neg_dD_mean,1.0
CB_1FWK,Q58504,0,2,1,harm|comb|green_zero_0.05,0.848,0.6,hnew|full|green_lmax_0.05,0.886
CB_1HAV,P08617,0,2,1,harm|comb|green_zero_0.05,0.5,0.0,binary|adj|QMI,1.0
CB_1K0N,O00299,1,3,3,gauss|comb|green_lmax_0.05,0.467,0.4,binary|sym|QMI,1.0
CB_1KG5,P17802,0,3,2,exp|sym|green_lmax_0.05,0.31,0.0,binary|adj|neg_dD_mean,0.905
CB_1KN9,P00803,0,2,1,binary|sym|green_lmax_0.05,0.58,0.2,harm|adj|p_peak,1.0
CB_1KS9,P0A9J4,0,1,1,harm|sym|green_lmax_0.05,0.91,0.6,harm|adj|pavg_over_dX,0.942
CB_1KXR,P97571,0,2,3,harm|sym|green_lmax_0.05,1.0,0.2,binary|adj|green_zero_0.01,1.0
CB_1LJU,P0A006,0,2,1,harm|adj|pavg_over_dE,0.5,0.2,binary|adj|green_lmax_0.05,1.0
CB_1M5W,P0A794,0,1,2,gauss|sym|green_lmax_0.05,0.631,0.2,exp|sym|pavg_over_dE,0.964
CB_1N05,O74866,0,2,2,hnew|full|green_zero_0.05,0.9,0.4,exp|adj|neg_dE,1.0
CB_1NBF,Q93009,0,1,4,harm|sym|green_lmax_0.05,0.677,0.0,gauss|comb|residLOG_dE,1.0
CB_1NKO,Q9Y286,0,1,2,hnew|full|neg_dD_mean,0.75,0.2,binary|adj|neg_dD_mean,1.0
CB_1NOK,P00489,1,4,4,harm|sym|green_lmax_0.05,0.792,0.6,gauss|adj|green_lmax_0.05,0.856
CB_1NWH,P44801,0,3,1,hnew|full|green_lmax_0.05,0.4,0.2,gauss|adj|R,0.933
CB_1OMX,Q9ES89,0,1,1,harm|comb|green_zero_0.05,0.954,0.6,harm|comb|green_zero_0.05,0.954
CB_1OS2,P39900,0,3,2,gauss|comb|green_lmax_0.05,0.312,0.2,exp|adj|residLOG_dE,1.0
CB_1P4V,Q47898,0,1,1,exp|sym|green_zero_0.05,0.963,0.4,binary|sym|pavg_over_dX,1.0
CB_1PTA,P0A434,0,2,3,exp|sym|pavg_over_dE,0.25,0.0,binary|sym|green_lmax_0.05,1.0
CB_1PX5,Q29599,0,2,2,exp|sym|green_lmax_0.05,0.788,0.2,hnew|full|residLOG_dE,0.98
CB_1QRZ,P00747,0,2,1,binary|sym|green_lmax_0.05,0.952,0.6,binary|sym|green_lmax_0.05,0.952
CB_1RJB,P36888,0,2,2,hnew|full|green_lmax_0.05,0.786,0.0,gauss|adj|residLOG,0.964
CB_1RTC,P02879,1,2,2,hnew|full|green_lmax_0.05,0.379,0.0,hnew|full|residLOG_dE,0.939
CB_1S8C,P09601,0,1,3,hnew|full|pavg_over_dE,0.822,0.0,gauss|comb|green_lmax_0.05,1.0
CB_1SH0,Q70ET3,0,1,1,gauss|sym|green_lmax_0.05,0.86,0.0,binary|adj|green_zero_0.05,0.982
CB_1SND,P00644,0,1,2,hnew|full|green_zero_0.05,0.571,0.0,binary|adj|p_peak,0.952
CB_1SUL,P38424,0,1,1,gauss|adj|green_lmax_0.05,0.688,0.0,exp|sym|green_lmax_0.05,1.0
CB_1TQN,P08684,0,1,3,harm|sym|green_lmax_0.05,0.161,0.0,harm|sym|QMI,1.0
CB_1UKA,P96965,0,2,1,harm|adj|green_zero_0.05,0.278,0.0,binary|adj|R,1.0
CB_1VSN,P43235,0,2,1,gauss|sym|green_lmax_0.05,0.389,0.0,gauss|sym|QMI,1.0
CB_1WXE,P18843,0,3,1,harm|comb|green_zero_0.05,0.273,0.0,binary|adj|R,1.0
CB_1X0M,O57946,0,1,1,hnew|full|green_lmax_0.05,0.908,0.4,exp|sym|residLOG,0.936
CB_1XJF,O33839,0,1,4,harm|comb|green_zero_0.05,0.36,0.0,gauss|adj|neg_dD_mean,0.887
CB_1XQZ,P11309,0,1,2,exp|sym|green_lmax_0.05,0.908,0.2,exp|sym|green_lmax_0.05,0.908
CB_1XTC,P01555,0,1,1,gauss|comb|pavg_over_dX,0.174,0.0,binary|adj|p_avg,1.0
CB_1YS0,P30305,0,1,2,hnew|full|neg_ED_final,0.87,0.2,binary|comb|green_zero_0.01,1.0
CB_1Z90,Q9M9P3,0,1,4,harm|comb|green_lmax_0.05,0.857,0.2,binary|adj|neg_ED_final,1.0
CB_2CAM,P02701,0,1,2,harm|adj|pavg_over_dE,0.262,0.0,gauss|sym|neg_ED_final,1.0
CB_2CI4,P56965,0,1,3,hnew|full|green_lmax_0.05,0.97,0.6,hnew|full|green_lmax_0.05,0.97
CB_2DH4,Q12051,0,2,4,harm|sym|green_lmax_0.05,0.938,0.4,exp|sym|p_peak,1.0
CB_2E2O,Q96Y14,0,1,2,gauss|sym|green_lmax_0.05,1.0,0.2,binary|comb|pavg_over_dE,1.0
CB_2E3M,Q9Y5P4,0,3,2,gauss|comb|green_lmax_0.05,0.875,0.2,binary|adj|green_zero_0.01,1.0
CB_2FRS,P29373,0,2,3,exp|sym|green_lmax_0.05,0.889,0.4,hnew|full|p_avg,1.0
CB_2GCB,P15925,0,1,3,harm|sym|green_lmax_0.05,0.875,0.0,gauss|adj|pavg_over_dX,1.0
CB_2H6D,P54646,0,3,2,harm|comb|green_zero_0.05,0.889,0.2,binary|adj|green_zero_0.01,1.0
CB_2H7G,P32989,0,1,4,harm|adj|pavg_over_dX,0.972,0.2,exp|adj|residLOG_dX,1.0
CB_2H7S,P00183,0,1,2,hnew|full|green_lmax_0.05,0.833,0.2,binary|sym|green_zero_0.05,1.0
CB_2HIG,O15648,0,2,3,gauss|sym|green_lmax_0.05,0.893,0.2,binary|adj|neg_ED_final,1.0
CB_2HYY,P00519,0,3,2,harm|sym|green_zero_0.05,0.3,0.0,exp|sym|green_lmax_0.05,1.0
CB_2JLQ,Q2YHF0,0,1,2,hnew|full|green_lmax_0.05,0.949,0.2,binary|comb|green_zero_0.01,1.0
CB_2OFM,Q94734,0,1,1,harm|comb|green_zero_0.05,0.963,0.4,exp|sym|green_lmax_0.05,1.0
CB_2OQU,P00772,0,1,2,gauss|sym|green_lmax_0.05,0.565,0.2,binary|comb|QMI,0.903
CB_2PSF,P27652,0,2,3,exp|sym|neg_ED_final,0.81,0.2,binary|sym|green_zero_0.05,1.0
CB_2PWZ,P61889,0,1,3,hnew|full|green_lmax_0.05,0.912,0.2,harm|sym|QMI,0.971
CB_2QG5,Q5CYL9,0,1,1,exp|sym|green_lmax_0.05,0.947,0.2,binary|adj|neg_ED_final,1.0
CB_2QSU,Q9T0I8,0,1,1,harm|sym|green_lmax_0.05,0.719,0.0,binary|comb|R,1.0
CB_2V6M,Q5SJA1,0,2,2,hnew|full|green_lmax_0.05,0.586,0.6,binary|adj|green_lmax_0.05,0.914
CB_2VL2,P30044,0,3,1,gauss|comb|green_lmax_0.05,0.368,0.0,binary|adj|neg_dD_mean,1.0
CB_2W6R,Q9X0C6,0,1,1,hnew|full|green_lmax_0.05,0.643,0.0,exp|adj|pavg_over_dE,1.0
CB_2W8N,P51649,0,1,4,gauss|sym|green_lmax_0.05,0.844,0.0,gauss|adj|green_zero_0.05,0.978
CB_2W9T,P13955,0,1,1,harm|adj|green_zero_0.01,0.885,0.2,harm|sym|neg_ED_final,0.962
CB_2X36,P36776,0,1,1,hnew|full|green_lmax_0.05,0.684,0.0,binary|comb|QMI,1.0
CB_2X47,Q9BQ69,0,1,3,hnew|full|green_lmax_0.05,1.0,0.2,binary|adj|green_zero_0.01,1.0
CB_2XE6,P00558,0,4,4,hnew|full|green_lmax_0.05,0.667,0.4,exp|sym|neg_dE,0.889
CB_2XQ0,Q10740,0,3,4,gauss|sym|green_lmax_0.05,0.81,0.2,exp|adj|green_zero_0.01,1.0
CB_2YWB,Q5SI28,0,3,4,harm|comb|green_lmax_0.05,0.231,0.0,binary|comb|neg_dE,1.0
CB_2ZCO,A9JQL9,0,1,2,harm|sym|green_lmax_0.05,0.64,0.0,exp|comb|QMI,1.0
CB_2ZJ7,Q9RBY1,1,4,4,gauss|sym|green_lmax_0.05,0.25,0.0,binary|adj|QMI,1.0
CB_3ASY,Q5SKR5,0,3,1,hnew|full|green_lmax_0.05,0.0,0.0,hnew|full|green_zero_0.01,1.0
CB_3B7W,Q08AH3,0,2,4,hnew|full|green_lmax_0.05,0.55,0.2,harm|sym|residLOG_dX,0.844
CB_3BIF,P25114,1,4,1,harm|sym|green_lmax_0.05,0.853,0.6,binary|sym|green_lmax_0.05,0.906
CB_3BL7,Q96C86,0,4,4,binary|sym|residLOG_dE,0.5,0.2,gauss|adj|p_peak,1.0
CB_3CHF,Q873X9,0,1,2,harm|sym|green_lmax_0.05,0.671,0.0,binary|adj|green_lmax_0.05,1.0
CB_3D0R,Q8KND7,0,3,1,hnew|full|green_lmax_0.05,0.295,0.2,harm|adj|R,0.886
CB_3DFA,A3FQ16,0,1,2,harm|sym|green_lmax_0.05,0.714,0.0,gauss|adj|neg_dD_mean,0.943
CB_3DFJ,Q16651,0,3,1,gauss|sym|green_lmax_0.05,0.8,0.2,binary|adj|R,1.0
CB_3F99,P15273,0,2,3,hnew|full|green_lmax_0.05,0.951,0.6,gauss|sym|green_lmax_0.05,0.993
CB_3FZO,Q14289,0,1,1,harm|comb|green_zero_0.05,0.935,0.2,exp|adj|QMI,1.0
CB_3G8A,Q9LCY2,0,1,3,gauss|sym|green_lmax_0.05,1.0,0.2,binary|comb|green_lmax_0.05,1.0
CB_3GAR,P08179,0,3,1,gauss|comb|pavg_over_dX,0.156,0.0,binary|sym|neg_dD_mean,1.0
CB_3GDG,P0C0Y5,0,2,2,gauss|sym|green_lmax_0.05,0.81,0.2,binary|adj|neg_ED_final,1.0
CB_3GL0,Q5S3I3,1,1,2,hnew|full|green_lmax_0.05,0.315,0.0,gauss|sym|neg_dE,0.805
CB_3H11,Q14790,0,1,1,hnew|full|green_lmax_0.05,0.893,0.2,exp|adj|residLOG,1.0
CB_3H8A,P0A6P9,0,1,3,hnew|full|green_lmax_0.05,0.988,0.4,binary|comb|pavg_over_dX,1.0
CB_3HI6,P20701,0,1,1,harm|comb|green_zero_0.05,0.333,0.0,binary|adj|p_avg,1.0
CB_3IEC,Q7KZI7,0,1,4,harm|sym|green_lmax_0.05,0.86,0.0,binary|sym|green_lmax_0.05,1.0
CB_3KJE,Q3ACS5,0,1,1,hnew|full|green_lmax_0.05,0.95,0.2,exp|sym|pavg_over_dE,1.0
CB_3LCK,P06239,0,2,2,harm|sym|green_lmax_0.05,0.836,0.4,gauss|comb|neg_ED_final,1.0
CB_3MWK,Q72GF3,0,3,1,hnew|full|green_lmax_0.05,0.762,0.4,binary|comb|neg_ED_final,0.848
CB_3NAQ,Q9S7E4,0,1,1,hnew|full|green_lmax_0.05,0.927,0.2,binary|sym|R,1.0
CB_3NAX,O15530,0,2,2,hnew|full|green_lmax_0.05,0.583,0.2,binary|adj|pavg_over_dE,1.0
CB_3NSH,P56817,0,2,3,hnew|full|green_lmax_0.05,0.825,0.4,exp|sym|green_zero_0.05,1.0
CB_3OFJ,Q9AQ22,0,1,1,exp|sym|pavg_over_dE,0.767,0.2,binary|adj|residLOG_dX,1.0
CB_3OIC,P71079,0,1,1,hnew|full|green_lmax_0.05,0.75,0.4,exp|adj|green_zero_0.05,0.879
CB_3P08,Q06187,0,1,2,hnew|full|green_lmax_0.05,0.802,0.2,exp|comb|neg_ED_final,0.973
CB_3PBF,P08427,0,1,1,gauss|comb|green_lmax_0.05,0.889,1.0,binary|sym|pavg_over_dE,1.0
CB_3QAS,P60472,0,1,3,hnew|full|green_lmax_0.05,0.406,0.0,exp|comb|QMI,1.0
CB_3QWA,P38230,0,1,1,harm|comb|green_lmax_0.05,0.855,0.8,harm|comb|green_zero_0.05,0.905
CB_3RWV,Q9NZD2,0,1,3,gauss|comb|green_lmax_0.05,0.588,0.0,exp|comb|QMI,1.0
CB_3SR3,A0A6L8PEJ7,0,1,3,hnew|full|green_lmax_0.05,1.0,0.2,binary|adj|p_avg,1.0
CB_3TPE,P23874,0,2,1,gauss|sym|green_lmax_0.05,0.85,0.4,hnew|full|green_lmax_0.05,0.917
CB_3U49,P39644,0,1,2,hnew|full|green_lmax_0.05,0.812,0.0,binary|comb|neg_ED_final,1.0
CB_3VGM,B1VZT1,0,1,2,gauss|sym|green_lmax_0.05,0.768,0.4,binary|comb|green_zero_0.01,1.0
CB_3VIA,Q96CS7,0,2,1,gauss|sym|neg_dD_mean,0.321,0.0,binary|adj|neg_ED_final,1.0
CB_3VJB,P37268,0,2,2,exp|sym|green_lmax_0.05,0.706,0.2,binary|sym|pavg_over_dX,1.0
CB_3W90,Q5SL35,0,3,1,harm|comb|green_zero_0.05,0.6,0.2,exp|sym|QMI,1.0
CB_3WB9,Q67PI3,0,1,1,harm|comb|green_lmax_0.05,0.848,0.4,binary|sym|neg_dD_mean,1.0
CB_4AAL,Q74FY6,0,1,2,hnew|full|green_lmax_0.05,0.731,0.2,binary|adj|green_zero_0.05,0.917
CB_4AMV,P17169,0,3,3,gauss|sym|green_lmax_0.05,0.879,0.2,binary|adj|QMI,1.0
CB_4BY5,Q9VWX8,0,3,3,gauss|comb|green_lmax_0.05,1.0,0.2,binary|adj|QMI,1.0
CB_4D1N,P29475,0,1,3,hnew|full|green_lmax_0.05,0.838,0.2,harm|sym|neg_ED_final,0.973
CB_4D8L,O87170,0,1,2,harm|sym|green_zero_0.05,0.876,0.2,harm|adj|green_zero_0.01,0.953
CB_4DNC,Q9H7Z6,1,3,2,exp|sym|green_lmax_0.05,0.333,0.0,binary|adj|green_lmax_0.05,0.87
CB_4E00,Q00972,0,3,2,exp|sym|green_lmax_0.05,0.817,0.6,exp|sym|green_lmax_0.05,0.817
CB_4ESH,Q9HZN8,0,1,1,harm|comb|green_zero_0.05,0.968,0.8,binary|adj|p_avg,1.0
CB_4F4I,P65248,0,1,1,gauss|sym|green_lmax_0.05,0.806,0.0,binary|adj|green_lmax_0.05,1.0
CB_4F5H,P00509,0,3,3,harm|comb|green_lmax_0.05,0.429,0.2,binary|adj|R,1.0
CB_4GOJ,Q13432,0,3,1,hnew|full|neg_ED_final,0.727,0.2,exp|adj|p_avg,1.0
CB_4HC4,Q96LA8,0,2,1,harm|sym|green_lmax_0.05,0.808,0.4,exp|comb|neg_ED_final,1.0
CB_4HON,Q6B0I6,0,3,2,hnew|full|green_lmax_0.05,0.607,0.4,exp|sym|residLOG_dE,0.893
CB_4HR7,P24182,0,1,4,harm|comb|green_lmax_0.05,0.75,0.0,gauss|sym|neg_dE,1.0
CB_4HYE,Q8DNC2,0,1,3,hnew|full|green_lmax_0.05,1.0,0.4,binary|sym|green_lmax_0.05,1.0
CB_4HZR,Q07912,0,1,1,gauss|comb|green_lmax_0.05,0.536,0.0,exp|adj|green_zero_0.01,1.0
CB_4I36,P00512,0,2,2,harm|comb|green_zero_0.05,0.583,0.0,exp|sym|p_peak,0.917
CB_4IWS,Q9I6N5,0,1,4,harm|comb|green_lmax_0.05,0.839,0.4,gauss|sym|green_lmax_0.05,0.931
CB_4JAX,P33284,1,4,3,gauss|sym|green_lmax_0.05,0.696,0.2,gauss|sym|neg_dE,0.957
CB_4KMY,P14207,0,1,3,hnew|full|pavg_over_dE,0.968,0.2,exp|adj|neg_dD_mean,1.0
CB_4LA5,Q9F1Y6,0,2,2,hnew|full|green_lmax_0.05,0.879,0.2,binary|sym|neg_dE,1.0
CB_4LG4,Q13188,0,2,1,harm|comb|green_zero_0.05,0.452,0.0,binary|comb|residLOG,0.879
CB_4LJP,Q96EP0,0,2,3,gauss|comb|green_lmax_0.05,0.077,0.0,binary|adj|green_zero_0.01,1.0
CB_4M23,G9MBV2,0,1,2,hnew|full|green_lmax_0.05,0.878,0.0,binary|sym|p_avg,1.0
CB_4MOW,B4E6Z1,0,3,2,harm|comb|green_lmax_0.05,0.444,0.2,exp|comb|neg_dD_mean,0.944
CB_4N4A,Q8N1G2,0,1,2,gauss|sym|green_lmax_0.05,0.942,0.2,binary|sym|p_avg,1.0
CB_4NI8,Q8RJ47,0,3,3,exp|sym|pavg_over_dE,0.493,0.2,exp|comb|green_zero_0.05,0.88
CB_4OMG,C9K1X5,0,1,3,exp|sym|green_lmax_0.05,0.706,0.2,binary|adj|neg_dD_mean,0.956
CB_4OS8,P41222,0,3,2,hnew|full|green_lmax_0.05,0.294,0.0,binary|comb|green_zero_0.01,1.0
CB_4OYZ,Q96PN6,0,2,3,gauss|sym|green_lmax_0.05,0.5,0.0,binary|sym|R,0.981
CB_4PUN,P28720,0,4,2,gauss|sym|green_lmax_0.05,0.717,0.2,exp|sym|R,0.85
CB_4PWN,Q9H4A3,0,1,1,harm|comb|green_zero_0.05,0.908,0.4,gauss|sym|neg_ED_final,1.0
CB_4QVK,Q9HGR1,0,1,1,gauss|comb|green_lmax_0.05,0.871,0.4,exp|comb|green_zero_0.01,1.0
CB_4R7T,Q9KKS5,0,2,2,hnew|full|green_lmax_0.05,0.792,0.2,exp|sym|neg_dD_mean,1.0
CB_4RF5,Q6WVP7,0,1,2,hnew|full|green_lmax_0.05,0.286,0.0,binary|adj|neg_dE,1.0
CB_4RIE,Q9ZGC0,0,2,1,hnew|full|green_lmax_0.05,0.909,0.2,gauss|sym|QMI,1.0
CB_4RVS,O53146,0,1,4,gauss|sym|green_lmax_0.05,0.861,0.0,binary|sym|green_zero_0.05,1.0
CB_4TRM,P9WGR1,0,2,2,hnew|full|green_lmax_0.05,0.929,0.2,exp|sym|green_lmax_0.05,1.0
CB_4TWI,O28597,1,4,2,hnew|full|green_lmax_0.05,0.033,0.2,binary|sym|pavg_over_dE,0.983
CB_4UD4,O13833,0,1,2,exp|sym|green_lmax_0.05,0.902,0.2,binary|adj|green_lmax_0.05,1.0
CB_4UUM,O96445,0,1,3,harm|sym|green_lmax_0.05,0.905,0.2,binary|sym|p_avg,1.0
CB_4WBH,Q6P988,0,1,2,gauss|sym|green_lmax_0.05,0.966,0.6,harm|sym|green_lmax_0.05,0.98
CB_4XV1,P15056,0,3,2,harm|comb|green_zero_0.05,0.857,0.2,binary|adj|QMI,1.0
CB_4Z7C,Q97UL5,0,3,2,harm|comb|green_zero_0.05,0.321,0.2,exp|comb|R,0.929
CB_4ZCS,Q8IEE9,0,1,1,hnew|full|neg_ED_final,0.824,0.2,binary|comb|pavg_over_dE,1.0
CB_5ACV,Q9K2N0,0,1,1,harm|sym|green_lmax_0.05,0.938,0.2,gauss|adj|green_zero_0.05,1.0
CB_5AJO,Q10471,0,2,3,harm|comb|green_lmax_0.05,0.389,0.2,exp|adj|green_zero_0.01,0.944
CB_5AR2,O43353,0,2,1,harm|comb|green_zero_0.05,0.774,0.0,binary|sym|R,1.0
CB_5AZQ,P68082,0,1,3,binary|adj|neg_ED_final,1.0,0.4,binary|adj|neg_ED_final,1.0
CB_5CAE,P53590,1,1,3,gauss|sym|neg_dE,0.607,0.2,harm|sym|neg_dD_mean,0.819
CB_5DCW,K7WDL7,0,1,3,hnew|full|green_lmax_0.05,0.886,0.4,harm|adj|green_zero_0.05,0.951
CB_5DOV,Q6E7K0,0,2,3,harm|sym|green_lmax_0.05,0.963,0.2,gauss|adj|green_zero_0.05,1.0
CB_5DZP,I6Y9J2,0,1,4,harm|sym|green_lmax_0.05,0.97,0.2,binary|sym|QMI,1.0
CB_5EO7,Q2UNX8,0,2,1,hnew|full|green_lmax_0.05,1.0,0.2,binary|adj|p_avg,1.0
CB_5F3K,Q12931,0,1,1,harm|sym|green_lmax_0.05,0.874,0.6,binary|sym|green_zero_0.05,0.985
CB_5FSU,C9ZP98,0,1,1,hnew|full|green_lmax_0.05,0.983,0.4,binary|adj|p_peak,1.0
CB_5FTK,P55072,0,2,3,gauss|adj|pavg_over_dX,0.559,0.0,binary|adj|green_zero_0.05,1.0
CB_5GGC,A0QUZ2,1,4,2,hnew|full|green_lmax_0.05,0.188,0.4,gauss|adj|QMI,0.875
CB_5GMO,A3LWG4,0,1,2,hnew|full|green_lmax_0.05,0.95,0.6,binary|sym|pavg_over_dE,0.993
CB_5GW7,P42592,0,4,4,binary|sym|green_lmax_0.05,0.92,0.4,gauss|sym|residLOG_dE,1.0
CB_5H9K,Q7YT09,0,3,2,binary|comb|green_lmax_0.05,0.606,0.2,binary|adj|neg_dD_mean,1.0
CB_5HIJ,F6KV61,0,3,1,hnew|full|green_lmax_0.05,0.461,0.4,harm|comb|residLOG,0.888
CB_5HQ8,Q9H7B4,1,4,2,gauss|sym|green_lmax_0.05,0.667,0.2,binary|adj|pavg_over_dE,1.0
CB_5HSM,P9WME9,0,1,3,gauss|adj|neg_dD_mean,0.462,0.0,binary|adj|neg_ED_final,1.0
CB_5ICS,Q9BPX1,0,1,2,hnew|full|green_lmax_0.05,0.91,0.2,harm|adj|p_peak,0.949
CB_5IOX,Q8P9V9,0,2,2,hnew|full|green_zero_0.05,0.132,0.0,binary|comb|neg_dD_mean,0.895
CB_5JHT,P03433,0,2,1,harm|comb|green_zero_0.05,0.143,0.0,gauss|adj|neg_ED_final,0.75
CB_5K7K,P11712,0,3,2,harm|sym|green_lmax_0.05,0.0,0.0,gauss|adj|R,0.9
CB_5L45,G9VYV4,0,3,1,hnew|full|green_lmax_0.05,0.714,0.6,harm|adj|QMI,0.952
CB_5LCC,Q8EP31,0,1,1,hnew|full|pavg_over_dE,0.755,0.4,harm|comb|neg_ED_final,0.842
CB_5LOC,P04964,0,1,1,hnew|full|green_lmax_0.05,0.739,0.0,binary|comb|QMI,1.0
CB_5LOR,Q9BRQ3,0,1,2,hnew|full|green_lmax_0.05,0.742,0.2,harm|adj|neg_dD_mean,0.955
CB_5LQJ,P22734,0,1,2,hnew|full|green_lmax_0.05,0.58,0.4,exp|adj|green_zero_0.05,0.82
CB_5MBT,Q0P8Q4,0,1,2,exp|sym|green_lmax_0.05,0.685,0.4,exp|adj|neg_dE,0.879
CB_5NR9,P14769,0,1,2,harm|comb|green_zero_0.05,0.341,0.0,harm|sym|neg_dD_mean,0.917
CB_5NY2,D0VWZ1,0,2,2,hnew|full|green_lmax_0.05,0.953,0.2,binary|sym|green_lmax_0.05,1.0
CB_5NZM,Q4QDU3,0,1,4,harm|sym|green_lmax_0.05,0.941,0.2,harm|adj|green_zero_0.01,0.949
CB_5O1M,Q3L8N0,0,1,2,hnew|full|green_lmax_0.05,0.6,0.0,gauss|comb|residLOG_dX,1.0
CB_5OP0,A0R5T1,0,3,2,hnew|full|green_lmax_0.05,0.364,0.0,binary|adj|green_lmax_0.05,1.0
CB_5T2V,A0R723,0,1,1,hnew|full|green_lmax_0.05,0.808,0.2,harm|comb|pavg_over_dX,0.95
CB_5TC0,Q12866,0,1,1,harm|adj|green_lmax_0.05,0.838,0.6,hnew|full|p_peak,0.971
CB_5U95,O24146,0,1,4,gauss|adj|pavg_over_dX,0.84,0.2,harm|sym|residRAW_dX,0.959
CB_5UXA,O32553,1,4,4,harm|sym|green_lmax_0.05,0.5,0.2,hnew|full|residLOG,1.0
CB_5W5D,P21707,0,1,2,harm|comb|green_lmax_0.05,1.0,0.2,binary|adj|R,1.0
CB_5WBM,P50053,0,3,1,hnew|full|green_lmax_0.05,0.556,0.4,exp|comb|pavg_over_dX,1.0
CB_5XCW,P45040,0,2,2,hnew|full|green_lmax_0.05,0.556,0.0,exp|comb|R,1.0
CB_5Z18,Q6W7J7,0,1,4,harm|sym|green_lmax_0.05,0.929,0.2,binary|sym|green_lmax_0.05,0.976
CB_5Z43,V5TDZ4,0,3,2,hnew|full|green_lmax_0.05,0.84,0.2,harm|comb|R,1.0
CB_5Z67,Q8RDL3,0,1,4,harm|sym|green_lmax_0.05,1.0,0.2,binary|sym|green_lmax_0.05,1.0
CB_5ZJ4,Q9L1E4,0,1,1,harm|comb|green_lmax_0.05,1.0,0.2,binary|comb|green_zero_0.01,1.0
CB_5ZV0,P25081,0,1,1,hnew|full|green_lmax_0.05,0.969,0.6,gauss|comb|green_lmax_0.05,0.994
CB_6AQE,Q9RY20,1,3,1,harm|comb|green_zero_0.05,0.857,0.4,binary|comb|green_zero_0.01,1.0
CB_6BZI,Q4KCZ3,0,1,3,gauss|sym|green_lmax_0.05,0.988,0.4,binary|adj|p_avg,1.0
CB_6CFS,Q92871,0,2,1,hnew|full|green_lmax_0.05,0.886,0.2,binary|sym|green_lmax_0.05,0.957
CB_6CQE,Q92918,0,2,4,harm|sym|p_peak,0.13,0.0,binary|adj|residLOG_dX,1.0
CB_6DDL,P49902,0,2,3,harm|adj|green_lmax_0.05,0.706,0.0,exp|sym|p_peak,0.941
CB_6EIF,Q13627,0,1,4,harm|sym|green_lmax_0.05,0.31,0.0,hnew|full|neg_dD_mean,0.952
CB_6FGJ,W8U368,0,3,2,hnew|full|green_lmax_0.05,0.818,0.2,binary|adj|green_zero_0.01,1.0
CB_6FP0,Q84HF5,0,3,1,hnew|full|green_lmax_0.05,0.189,0.2,harm|sym|neg_dE,0.909
CB_6G6Y,P52732,0,3,2,hnew|full|green_lmax_0.05,0.764,0.0,harm|comb|neg_dD_mean,0.871
CB_6H6K,Q980A5,0,3,3,hnew|full|green_lmax_0.05,0.375,0.0,binary|adj|R,1.0
CB_6HEI,Q96RU2,0,2,2,harm|comb|green_lmax_0.05,0.729,0.2,binary|sym|p_peak,0.924
CB_6HL0,Q96RI1,0,2,3,gauss|comb|green_lmax_0.05,0.53,0.0,binary|sym|neg_dD_mean,0.985
CB_6HR4,G3XD46,0,3,3,binary|adj|p_peak,0.611,0.2,harm|sym|green_lmax_0.05,1.0
CB_6HRV,Q6P4V5,0,2,1,gauss|sym|green_lmax_0.05,0.928,0.4,binary|sym|green_zero_0.05,0.964
CB_6INF,Q6VAB4,0,2,2,hnew|full|green_lmax_0.05,0.704,0.0,gauss|adj|neg_dD_mean,1.0
CB_6ISU,P15374,0,3,1,hnew|full|green_lmax_0.05,0.773,0.2,gauss|sym|green_zero_0.05,1.0
CB_6JNJ,Q53TZ2,0,1,2,gauss|sym|green_lmax_0.05,0.972,0.2,binary|sym|p_avg,1.0
CB_6JP2,M9SC49,0,3,1,exp|sym|green_lmax_0.05,0.542,0.0,exp|adj|neg_dD_mean,1.0
CB_6KSC,P9WNV1,1,4,1,harm|sym|green_lmax_0.05,1.0,1.0,binary|adj|R,1.0
CB_6KX4,P97784,0,1,3,hnew|full|green_lmax_0.05,0.541,0.0,gauss|adj|R,1.0
CB_6KYQ,O15075,0,1,2,hnew|full|green_lmax_0.05,0.431,0.0,binary|adj|residLOG_dX,1.0
CB_6L61,M1HE54,0,1,3,hnew|full|green_lmax_0.05,0.938,0.4,hnew|full|QMI,1.0
CB_6N5J,P10121,0,1,2,hnew|full|green_lmax_0.05,0.778,0.4,harm|comb|pavg_over_dE,1.0
CB_6NEI,Q5C9L2,0,1,1,harm|sym|green_lmax_0.05,0.927,0.2,binary|adj|p_peak,1.0
CB_6NFL,Q9UH17,0,2,2,gauss|comb|green_lmax_0.05,0.81,0.2,binary|sym|neg_ED_final,1.0
CB_6OAH,P14324,0,2,2,gauss|sym|green_lmax_0.05,0.773,0.0,binary|comb|QMI,1.0
CB_6P5B,P61088,0,2,1,harm|comb|green_zero_0.05,0.889,0.4,binary|adj|green_zero_0.01,1.0
CB_6PK5,P43408,0,2,1,hnew|full|green_lmax_0.05,0.682,0.4,binary|comb|neg_dD_mean,0.841
CB_6PNT,T1KUK4,0,2,1,hnew|full|green_lmax_0.05,0.65,0.0,exp|comb|R,1.0
CB_6PUV,Q8IUN9,0,1,2,harm|comb|green_zero_0.05,0.071,0.0,exp|adj|green_zero_0.01,1.0
CB_6PVG,L0E4H0,0,3,3,hnew|full|green_lmax_0.05,0.455,0.0,exp|sym|p_avg,1.0
CB_6Q7Q,O58216,0,3,2,gauss|sym|green_lmax_0.05,0.747,0.2,binary|comb|p_avg,1.0
CB_6Q8Z,P51570,0,3,3,exp|sym|pavg_over_dE,0.594,0.4,binary|adj|p_avg,1.0
CB_6QFL,O14733,0,2,4,harm|sym|pavg_over_dX,0.8,0.4,exp|comb|green_lmax_0.05,1.0
CB_6RXD,B7GTV0,1,4,4,hnew|full|green_lmax_0.05,0.811,0.6,gauss|sym|pavg_over_dE,1.0
CB_6S3P,K7RJ88,0,1,1,hnew|full|green_lmax_0.05,0.959,0.2,binary|adj|neg_ED_final,1.0
CB_6TN3,Q4WAR0,0,2,4,harm|comb|green_lmax_0.05,0.97,0.2,binary|adj|green_lmax_0.05,1.0
CB_6UW3,A0QTG2,0,4,3,hnew|full|green_lmax_0.05,0.778,0.2,gauss|sym|p_avg,1.0
CB_6X41,F5B5W8,0,1,4,harm|sym|green_lmax_0.05,1.0,0.6,harm|sym|green_lmax_0.05,1.0
CB_6XL4,P00533,0,2,2,harm|comb|green_zero_0.05,0.923,0.2,binary|comb|p_avg,1.0
CB_6XQX,P08149,1,3,2,hnew|full|green_lmax_0.05,0.3,0.0,gauss|adj|R,1.0
CB_6XUE,P21589,0,2,4,exp|adj|green_zero_0.01,0.429,0.0,binary|sym|neg_dD_mean,1.0
CB_6YDK,P71447,0,3,1,hnew|full|green_lmax_0.05,0.2,0.6,hnew|full|green_zero_0.01,1.0
CB_6Z6Z,P80188,0,2,1,harm|comb|green_zero_0.05,0.357,0.0,binary|comb|green_lmax_0.05,1.0
CB_7AQB,Q16659,0,1,1,harm|sym|green_lmax_0.05,0.875,0.2,binary|sym|p_peak,1.0
CB_7AUT,Q99321,0,1,1,harm|comb|green_zero_0.05,0.889,0.6,binary|comb|neg_ED_final,1.0
CB_7B6Q,P22188,0,2,4,gauss|sym|green_lmax_0.05,0.298,0.0,exp|sym|QMI,0.917
CB_7BHJ,O33877,0,1,1,harm|sym|green_lmax_0.05,0.192,0.0,exp|comb|residLOG,1.0
CB_7BTC,Q15382,0,1,1,hnew|full|green_lmax_0.05,0.6,0.6,binary|comb|p_avg,0.857
CB_7C48,P96356,0,1,2,gauss|sym|green_lmax_0.05,0.325,0.0,binary|adj|neg_ED_final,0.913
CB_7CEH,W0TJ64,0,1,2,harm|comb|green_zero_0.05,0.792,0.6,exp|adj|green_lmax_0.05,1.0
CB_7CIU,Q9W469,0,1,1,hnew|full|green_lmax_0.05,0.897,0.2,binary|sym|residLOG_dX,1.0
CB_7CLU,Q5W249,0,2,4,exp|sym|green_lmax_0.05,0.833,0.2,binary|adj|green_zero_0.05,1.0
CB_7CRM,P94968,0,3,1,harm|comb|green_zero_0.05,0.473,0.2,binary|sym|neg_dD_mean,0.89
CB_7CYR,A0QTT2,0,2,2,harm|sym|green_lmax_0.05,0.93,0.2,binary|adj|pavg_over_dE,1.0
CB_7D48,P0DSP4,0,3,4,harm|sym|green_lmax_0.05,0.556,0.0,binary|sym|neg_dE,0.963
CB_7DJN,P02768,0,3,4,harm|sym|pavg_over_dX,0.522,0.0,binary|sym|neg_dE,0.986
CB_7ERY,Q0DPB7,0,3,2,gauss|sym|green_lmax_0.05,0.077,0.0,binary|adj|residLOG_dX,1.0
CB_7FT3,O00560,0,4,1,harm|comb|green_zero_0.05,1.0,0.2,binary|adj|green_zero_0.01,1.0
CB_7K4W,P23360,0,2,1,hnew|full|green_lmax_0.05,0.905,0.4,binary|comb|neg_ED_final,1.0
CB_7KQL,Q8TDQ0,0,1,1,harm|adj|pavg_over_dE,0.182,0.0,binary|comb|neg_dD_mean,1.0
CB_7MOI,Q9ZVN4,0,1,2,gauss|comb|green_lmax_0.05,0.5,0.2,exp|adj|pavg_over_dE,1.0
CB_7O1I,O53872,0,4,4,hnew|full|green_lmax_0.05,0.882,0.2,binary|adj|p_avg,1.0
CB_7PLD,Q9A9Z1,0,2,2,hnew|full|green_lmax_0.05,0.667,0.4,hnew|full|neg_dD_mean,1.0
CB_7QLU,P11838,0,1,1,hnew|full|green_lmax_0.05,0.188,0.0,binary|comb|neg_dD_mean,1.0
CB_7QOQ,K5B7Z4,0,1,2,hnew|full|green_lmax_0.05,0.63,0.0,exp|comb|residLOG,1.0
CB_7R51,B2RID1,0,3,4,gauss|sym|green_lmax_0.05,0.9,0.2,binary|comb|green_lmax_0.05,1.0
CB_7SE6,P22087,0,1,3,harm|sym|green_lmax_0.05,0.943,0.2,binary|comb|p_avg,1.0
CB_7SO5,P18177,0,2,4,harm|sym|green_lmax_0.05,0.933,0.2,exp|sym|residLOG_dE,1.0
CB_7VDA,P00366,0,3,3,gauss|sym|green_lmax_0.05,0.75,0.4,exp|sym|green_lmax_0.05,0.958
CB_7W19,A5Y459,0,4,1,harm|sym|green_lmax_0.05,0.438,0.2,hnew|full|R,1.0
CB_7WMY,A0R6S0,0,2,1,hnew|full|green_lmax_0.05,0.804,0.4,exp|comb|neg_ED_final,0.898
CB_7YMF,O00571,0,1,2,gauss|sym|green_lmax_0.05,0.887,0.2,exp|sym|neg_ED_final,1.0
CB_8BRE,Q9I5Q5,0,1,3,harm|sym|green_lmax_0.05,1.0,0.4,binary|sym|green_lmax_0.05,1.0
CB_8CFB,Q9I685,0,3,2,harm|sym|green_lmax_0.05,1.0,0.2,binary|adj|R,1.0
CB_8CN8,G3XDA2,1,1,3,gauss|sym|green_lmax_0.05,0.357,0.0,binary|comb|neg_dD_mean,1.0
CB_8ELM,P30043,0,3,1,harm|comb|green_lmax_0.05,0.462,0.2,exp|comb|residLOG_dE,0.949
CB_8EVV,Q9HWI0,0,2,1,hnew|full|green_lmax_0.05,0.85,0.2,binary|adj|p_peak,1.0
CB_8GHC,P18054,0,2,4,hnew|full|green_lmax_0.05,0.771,0.4,binary|comb|green_zero_0.01,0.897
CB_8H0N,Q9UBP6,0,1,3,harm|comb|green_zero_0.05,0.68,0.2,harm|adj|green_lmax_0.05,0.96
CB_8IAS,Q8DQ84,0,1,4,exp|comb|green_lmax_0.05,0.767,0.0,binary|sym|p_avg,1.0
CB_8IXP,A9Y8T1,0,1,4,hnew|full|green_lmax_0.05,0.833,0.4,hnew|full|p_peak,0.919
CB_8J1K,Q9GZT9,0,2,1,hnew|full|green_lmax_0.05,0.0,0.0,gauss|sym|p_avg,1.0
CB_8PFP,Q14191,0,2,1,harm|sym|green_lmax_0.05,0.69,0.2,hnew|full|p_avg,0.875
CB_8SXW,Q72KY0,0,3,1,harm|sym|green_lmax_0.05,0.714,0.0,exp|comb|residLOG,1.0
CB_9ATC,P0A786,0,1,2,exp|sym|green_lmax_0.05,0.958,0.6,gauss|sym|green_lmax_0.05,0.969
CS_1ALB,1ALB,0,3,3,binary|adj|neg_ED_final,1.0,0.2,binary|adj|neg_ED_final,1.0
CS_1B6B,1B6B,0,1,1,hnew|full|neg_dD_mean,0.448,0.0,exp|adj|pavg_over_dX,0.905
CS_1PZT,1PZT,0,2,1,hnew|full|green_lmax_0.05,0.95,0.4,gauss|sym|pavg_over_dE,1.0
CS_1TQO,1TQO,0,1,2,binary|sym|green_lmax_0.05,0.92,0.4,binary|sym|pavg_over_dE,1.0
CS_2H4E,2H4E,0,1,2,harm|adj|pavg_over_dE,0.143,0.0,binary|adj|QMI,1.0
CS_2ZB1,2ZB1,1,3,4,harm|comb|green_lmax_0.05,0.667,0.2,gauss|sym|p_peak,1.0
CS_3CHE,3CHE,0,2,1,hnew|full|green_lmax_0.05,0.45,0.0,binary|adj|QMI,1.0
PM_1ADE,Adenylosuccinate synthetase,0,1,3,exp|sym|pavg_over_dX,0.962,0.2,binary|adj|residLOG_dX,1.0
PM_1ALB,Adipocyte lipid-binding protein,0,3,3,binary|adj|neg_ED_final,1.0,0.2,binary|adj|neg_ED_final,1.0
PM_1EX6,Guanylate kinase,0,1,2,hnew|full|neg_ED_final,0.65,0.4,gauss|sym|green_lmax_0.05,0.883
PM_1EXM,Elongation factor TU,0,3,3,hnew|full|green_lmax_0.05,0.972,0.6,gauss|sym|green_lmax_0.05,0.972
PM_1EZM,Novel cryptic pocket set,0,3,2,hnew|full|green_lmax_0.05,0.353,0.0,binary|adj|green_zero_0.01,1.0
PM_1J8F,Novel cryptic pocket set,1,4,2,hnew|full|green_lmax_0.05,0.139,0.0,binary|comb|residLOG_dX,0.889
PM_1MY0,AMPA receptor GluR2 subunit,0,2,2,hnew|full|green_lmax_0.05,0.808,0.0,binary|comb|residLOG,1.0
PM_1NI6,Heme oxygenase-1,0,3,3,hnew|full|pavg_over_dE,0.688,0.2,binary|adj|residLOG,1.0
PM_1S2O,Novel cryptic pocket set,0,2,2,hnew|full|green_lmax_0.05,0.184,0.0,gauss|comb|QMI,0.895
PM_2LAO,Novel cryptic pocket set,0,1,1,hnew|full|green_lmax_0.05,0.962,0.2,binary|adj|green_zero_0.01,1.0
PM_2OY4,Novel cryptic pocket set,0,3,2,harm|sym|pavg_over_dE,0.143,0.0,exp|comb|QMI,1.0
PM_2QFO,Heat shock protein 90,0,1,1,harm|comb|green_zero_0.05,0.86,0.2,binary|sym|p_peak,0.98
PM_3FVJ,Novel cryptic pocket set,0,2,1,exp|comb|green_lmax_0.05,0.511,0.6,binary|adj|pavg_over_dX,0.978
PM_3KJE,Novel cryptic pocket set,0,1,1,hnew|full|green_lmax_0.05,0.95,0.2,exp|sym|pavg_over_dE,1.0
PM_3RWV,"Cryptosite proteins used in validation, with a different structure used for human glycolipid transfer protein (3rwv)",0,3,3,hnew|full|pavg_over_dE,0.833,0.4,gauss|comb|green_lmax_0.05,0.944
PM_4IC4,Novel cryptic pocket set,0,3,2,hnew|full|green_lmax_0.05,0.979,0.4,binary|sym|neg_ED_final,1.0
PM_4W51,Novel cryptic pocket set,0,2,1,gauss|sym|green_lmax_0.05,0.52,0.2,exp|sym|green_zero_0.05,0.98
PM_5H9A,Novel cryptic pocket set,0,2,1,exp|comb|green_lmax_0.05,0.55,0.4,gauss|adj|neg_ED_final,0.817
PM_5NIA,Novel cryptic pocket set,0,1,4,harm|comb|green_zero_0.05,1.0,0.4,binary|adj|p_avg,1.0
PM_5NZM,Novel cryptic pocket set,0,1,4,harm|sym|green_lmax_0.05,0.941,0.2,harm|adj|green_zero_0.01,0.949
PM_6HB0,Novel cryptic pocket set,0,2,1,gauss|sym|green_lmax_0.05,0.462,0.0,exp|adj|green_zero_0.01,1.0
